{
    
    "creationDate" : "2015-03-20T11:17:43.964",
    
    "linearObjects" : [
                       
                       {
                       
                       "x2" : 2.359449516824376,
                       
                       "orientation" : 348.7796630859375,
                       
                       "x1" : 1.182386135828907,
                       
                       "y1" : -5.419746270283565,
                       
                       "type" : 0,
                       
                       "y2" : -5.419746270283565
                       
                       }
                       
                       ],
    
    "beacons" : [
                 
                 {
                 
                 "position" : {
                 
                 "x" : 0.5154410988854068,
                 
                 "y" : -4.541519641478352,
                 
                 "orientation" : 348.7796630859375
                 
                 },
                 
                 "beacon" : {
                 
                 "mac" : "da55f2c82840",
                 
                 "color" : 1
                 
                 }
                 
                 },
                 
                 {
                 
                 "position" : {
                 
                 "x" : -3.947580495998924,
                 
                 "y" : -3.135896162700102,
                 
                 "orientation" : 75.20807961856617
                 
                 },
                 
                 "beacon" : {
                 
                 "mac" : "e6b0e928fdde",
                 
                 "color" : 1
                 
                 }
                 
                 },
                 
                 {
                 
                 "position" : {
                 
                 "x" : -2.046681943384312,
                 
                 "y" : 4.113046737652398,
                 
                 "orientation" : 168.436133889591
                 
                 },
                 
                 "beacon" : {
                 
                 "mac" : "ff11a3858d44",
                 
                 "color" : 1
                 
                 }
                 
                 },
                 
                 {
                 
                 "position" : {
                 
                 "x" : 4.250614356574609,
                 
                 "y" : 3.241669485828165,
                 
                 "orientation" : 258.1753993314856
                 
                 },
                 
                 "beacon" : {
                 
                 "mac" : "d8689a077fa1",
                 
                 "color" : 3
                 
                 }
                 
                 }
                 
                 ],
    
    "walls" : [
               
               {
               
               "x2" : -5.666177775231185,
               
               "orientation" : 75.20807961856617,
               
               "x1" : -5.37273711950688,
               
               "y2" : 5.372449473760867,
               
               "y1" : -5.312833963225311
               
               },
               
               {
               
               "x2" : 5.816997378418189,
               
               "orientation" : 168.436133889591,
               
               "x1" : -5.666177775231185,
               
               "y2" : 5.312833963225312,
               
               "y1" : 5.372449473760867
               
               },
               
               {
               
               "x2" : 5.666177775231185,
               
               "orientation" : 258.1753993314856,
               
               "x1" : 5.816997378418189,
               
               "y2" : -5.519746270283565,
               
               "y1" : 5.312833963225312
               
               },
               
               {
               
               "x2" : -5.37273711950688,
               
               "orientation" : 348.7796630859375,
               
               "x1" : 5.666177775231185,
               
               "y2" : -5.312833963225311,
               
               "y1" : -5.519746270283565
               
               }
               
               ],
    
    "name" : "Test",
    
    "orientation" : 0
    
    
    
}